[
  {
    "id": 1,
    "name": "Альпийский маршрут",
    "description": "Захватывающий трек через швейцарские Альпы. Проходит через живописные долины, горные перевалы и традиционные деревни. Идеально подходит для опытных путешественников.",
    "category": "Горы",
    "price": 2500,
    "duration": "7 дней",
    "distance": "120 км",
    "difficulty": "Сложный",
    "country": "Швейцария",
    "image": "https://images.unsplash.com/photo-1531366936337-7c912a4589a7?w=800&q=80",
    "rating": 4.9,
    "reviews": 124
  },
  {
    "id": 2,
    "name": "Тропа викингов",
    "description": "Исторический маршрут по следам древних викингов в Норвегии. Фьорды, водопады и древние поселения ждут вас.",
    "category": "История",
    "price": 3200,
    "duration": "10 дней",
    "distance": "180 км",
    "difficulty": "Средний",
    "country": "Норвегия",
    "image": "https://images.unsplash.com/photo-1513519245088-0e12902e35ca?w=800&q=80",
    "rating": 4.8,
    "reviews": 89
  },
  {
    "id": 3,
    "name": "Джунгли Амазонки",
    "description": "Экстремальное приключение в сердце амазонских джунглей. Уникальная флора и фауна, встречи с местными племенами.",
    "category": "Джунгли",
    "price": 4500,
    "duration": "14 дней",
    "distance": "95 км",
    "difficulty": "Экстремальный",
    "country": "Бразилия",
    "image": "https://images.unsplash.com/photo-1440342359743-84fcb8c21f21?w=800&q=80",
    "rating": 4.7,
    "reviews": 56
  },
  {
    "id": 4,
    "name": "Великий шёлковый путь",
    "description": "Путешествие по легендарному торговому маршруту. Древние города, пустыни и караван-сараи.",
    "category": "История",
    "price": 5800,
    "duration": "21 день",
    "distance": "450 км",
    "difficulty": "Средний",
    "country": "Узбекистан",
    "image": "https://images.unsplash.com/photo-1548013146-72479768bada?w=800&q=80",
    "rating": 4.9,
    "reviews": 203
  },
  {
    "id": 5,
    "name": "Патагония дикая",
    "description": "Нетронутая природа Патагонии. Ледники, горы и бескрайние степи на краю света.",
    "category": "Горы",
    "price": 6200,
    "duration": "12 дней",
    "distance": "200 км",
    "difficulty": "Сложный",
    "country": "Аргентина",
    "image": "https://images.unsplash.com/photo-1508739773434-c26b3d09e071?w=800&q=80",
    "rating": 5.0,
    "reviews": 178
  },
  {
    "id": 6,
    "name": "Сафари Серенгети",
    "description": "Незабываемое сафари в национальном парке Серенгети. Большая пятёрка и великая миграция.",
    "category": "Сафари",
    "price": 7500,
    "duration": "8 дней",
    "distance": "350 км",
    "difficulty": "Лёгкий",
    "country": "Танзания",
    "image": "https://images.unsplash.com/photo-1547471080-7cc2caa01a7e?w=800&q=80",
    "rating": 4.8,
    "reviews": 312
  },
  {
    "id": 7,
    "name": "Камино де Сантьяго",
    "description": "Знаменитый паломнический путь через север Испании. Духовное путешествие и культурное наследие.",
    "category": "Пешие",
    "price": 1800,
    "duration": "30 дней",
    "distance": "800 км",
    "difficulty": "Средний",
    "country": "Испания",
    "image": "https://images.unsplash.com/photo-1543783207-ec64e4d95325?w=800&q=80",
    "rating": 4.6,
    "reviews": 445
  },
  {
    "id": 8,
    "name": "Гималайский трек",
    "description": "Базовый лагерь Эвереста. Путь к подножию высочайшей вершины мира через непальские деревни.",
    "category": "Горы",
    "price": 4800,
    "duration": "16 дней",
    "distance": "130 км",
    "difficulty": "Сложный",
    "country": "Непал",
    "image": "https://images.unsplash.com/photo-1544735716-392fe2489ffa?w=800&q=80",
    "rating": 4.9,
    "reviews": 267
  },
  {
    "id": 9,
    "name": "Бизарные приключения",
    "description": "JoJO",
    "category": "Сафари",
    "price": 5,
    "duration": "50",
    "distance": "30 000",
    "difficulty": "Экстремальный",
    "country": "Египет",
    "image": "https://encrypted-tbn0.gstatic.com/images?q=tbn:ANd9GcQvejpjnyElwQ6wTnCq6XTK8oB1lVc1wT_cgw&s",
    "rating": 5.0,
    "reviews": 0
  }
]